Training Set Size,ANN Q2,ANN Loss
1540,0.3874,0.04695
7700,0.8664,0.02217
15400,0.8512,0.01227
77000,0.9323,0.00312
154000,0.9496,0.00244
770000,0.9629,0.00229